{"cameraMode":{"drawMode":0,"name":"Shaded","section":"Shading Mode"},"sceneLighting":false,"audioPlay":false,"sceneViewState":{"showFog":true,"showMaterialUpdate":false,"showSkybox":true,"showFlares":true,"showImageEffects":true,"showParticleSystems":true},"in2DMode":false,"pivot":{"x":-9.438060760498047,"y":2.047637939453125,"z":-2.4279680252075197},"rotation":{"x":-0.3385506570339203,"y":-0.5351404547691345,"z":0.24685928225517274,"w":-0.73360675573349},"size":28.030054092407228,"orthographic":false}